,queryName,mapQuality,reads,epithet,genus
0,de786e82-eca1-4dca-a23d-8d3fe50686bc,0,15529,Beauveria_asiatica,Beauveria
1,a54d99a9-de4c-4d1e-a878-8035ba4e0207,0,6785,Penicillium_taurinense,Penicillium
2,be8c21f6-1378-44c3-ab51-f64c02c9560d,0,6270,Aspergillus_brasiliensis,Aspergillus
3,f66190fc-f9e5-4358-9cd4-a98cd0a3c204,0,5671,Beauveria_asiatica,Beauveria
4,65b64157-38a1-47bd-a8b7-564ca8171dfa,0,4238,Schizophyllum_commune,Schizophyllum
5,9f349afa-af91-4439-9bd6-138de60f85d2,0,4011,Pleurotus_abieticola,Pleurotus
6,f3a04c8d-fc19-46a9-b5a2-12ab424dd547,0,3912,Aspergillus_brasiliensis,Aspergillus
7,e7ad006d-f9ad-4485-b846-dec8bdb13073,0,3559,Saccharomyces_paradoxus,Saccharomyces
8,66ccc0df-10f3-4d2a-bd1f-6d376244fbd9,0,2662,Pleurotus_abieticola,Pleurotus
9,5be179a6-9205-4990-be9b-9d232c046b2f,0,1687,Rhizopus_stolonifer,Rhizopus
10,e96d084f-4f92-4d5c-b80d-fcbdc3e6570d,0,1462,Penicillium_granulatum,Penicillium
11,1dc31775-6950-4aee-b428-4c979b0b7c5b,0,1359,Aspergillus_brasiliensis,Aspergillus
12,8ce81c2c-361a-4460-bcc4-d064976145ce,0,1318,Rhizopus_stolonifer,Rhizopus
13,4fbc709a-ac41-49f7-9ce0-f4bfc94f568e,60,1080,Komagataella_pastoris,Komagataella
14,799cdb8a-a761-46c1-af16-250960522a26,60,972,Komagataella_pastoris,Komagataella
15,18fc31b5-9e57-4eec-8a62-41b28f3c9edb,0,870,Rhizopus_stolonifer,Rhizopus
16,96d04d32-a91f-40c2-825a-d2802d1eb07c,0,865,Aspergillus_brasiliensis,Aspergillus
17,0d2ff0eb-9f3b-4301-944f-90df9e0a78c1,0,658,Beauveria_asiatica,Beauveria
18,35dacaef-e9fc-4ed7-b3ad-914bbc99bbb8,47,639,Komagataella_pastoris,Komagataella
19,e5dbd8e6-3bfe-4ecf-a738-50db9e978849,0,635,Penicillium_aethiopicum,Penicillium
20,6cbb47db-9e6b-45d8-820c-d1a1f71b9c18,0,518,Schizophyllum_commune,Schizophyllum
21,493beb38-74e5-4fa8-ab3d-fb1a46f32aaa,0,441,Rhizopus_stolonifer,Rhizopus
22,a3ca893b-d6da-482c-b783-c64455fc194a,51,365,Komagataella_pastoris,Komagataella
23,ecffa921-3c2b-4ae7-b42f-ea1425df804f,0,301,Beauveria_malawiensis,Beauveria
24,df380aef-23f4-4de5-9267-22672da09bcc,0,296,Beauveria_asiatica,Beauveria
25,350ca286-00c3-4d70-b7e2-8d865588cf73,0,259,Penicillium_chrysogenum,Penicillium
26,6d24738a-9df2-42f7-938b-03cc7211d188,0,230,Rhizopus_stolonifer,Rhizopus
27,f614431e-8fec-4871-b36e-ee466d220aec,0,222,Aspergillus_brasiliensis,Aspergillus
28,970b9745-76f7-4cc6-93c3-4b1015cc33f5,0,216,Aspergillus_brasiliensis,Aspergillus
29,dfa2e34f-83ef-4133-8294-9ae82a13e43a,0,207,Beauveria_asiatica,Beauveria
30,e33c739a-44d8-428b-a83c-40a693d14b61,0,193,Beauveria_asiatica,Beauveria
31,4e2b1959-4fae-4861-a49b-06581b1739fb,0,192,Saccharomyces_paradoxus,Saccharomyces
32,624e0673-7717-4ae8-ab59-437d9505766c,0,170,Beauveria_asiatica,Beauveria
33,c2e01bd9-7f24-43e9-bee0-f13982fd8613,0,170,Penicillium_sp,Penicillium
34,e3fc7ae2-c9f6-4775-92f8-e9324bd43b0f,0,152,Beauveria_varroae,Beauveria
35,4c6d363f-58d6-4f2e-9ff6-33906f76d4b1,0,150,Pleurotus_sp,Pleurotus
36,06a96e44-4589-4a85-87c2-d03638320c26,0,146,Rhizopus_stolonifer,Rhizopus
37,e44e8ad7-f4d4-4bc6-aad4-fd855d11eb43,55,142,Komagataella_pastoris,Komagataella
38,5a5d8852-5f09-4847-9681-ab69f4a7d05d,0,137,Beauveria_asiatica,Beauveria
39,72d3e2b3-92a9-4909-961f-c5a1023efb97,0,135,Beauveria_asiatica,Beauveria
40,43fa1d9c-31a6-44db-a0e7-84c6f1c6b18a,0,129,Pleurotus_abieticola,Pleurotus
41,5702761c-ed60-47a1-806f-2a13e4dcd9d0,0,128,Pleurotus_floridanus,Pleurotus
42,ff8b1117-4778-4efd-8aeb-4f60bdfedcdc,0,123,Penicillium_granulatum,Penicillium
43,5e8514b3-6076-448e-987e-1b8aa04fb808,0,109,Saccharomyces_kudriavzevii,Saccharomyces
44,0549d3e4-ca72-4c0f-8c16-9738d85c2d5c,0,102,Rhizopus_stolonifer,Rhizopus
45,b933cfbf-2056-4b1e-87d2-fa46d7e15b57,0,101,Beauveria_asiatica,Beauveria
46,bef409c7-f8b3-4799-bdb6-212aa15fb570,0,95,Schizophyllum_commune,Schizophyllum
47,5cda85ed-bfd7-466b-b3dc-8ef77f75e06e,0,93,Schizophyllum_commune,Schizophyllum
48,52e375a2-cd9f-4948-8254-0a7099d4f908,0,93,Absidia_psychrophilia,Absidia
49,44761da1-4c2e-4d2b-b017-327fbad86e75,0,87,Rhizopus_stolonifer,Rhizopus
50,99869bc5-e9a2-4dc3-9cb4-d24e5d24c46d,0,84,Schizophyllum_commune,Schizophyllum
51,d7a1dcdc-6feb-4742-9866-e30be3dab006,0,81,Saccharomyces_cerevisiae,Saccharomyces
52,04897c93-0a95-4df8-9faf-20221067c56e,0,77,Beauveria_asiatica,Beauveria
53,113cb204-1af6-4cd1-9a61-08ceb1a8ee65,0,75,Saccharomyces_paradoxus,Saccharomyces
54,7098b33d-2bfc-429c-93c9-a4ac10a6f479,0,69,Saccharomyces_kudriavzevii,Saccharomyces
55,74aab7b8-65e2-46ac-b624-c546a43770d7,0,67,Aspergillus_brasiliensis,Aspergillus
56,8355f9a6-04c3-4339-bd0d-d7f1ffddea65,0,67,Rhizopus_stolonifer,Rhizopus
57,69911b16-8a46-4b56-a0dd-2e4f9bbe603f,0,65,Schizophyllum_commune,Schizophyllum
58,dc8d7703-9152-476c-ad92-933d23b34d60,0,64,Pleurotus_floridanus,Pleurotus
59,e70f5e61-f210-4648-af4d-d9ce7750b2fe,0,64,Beauveria_asiatica,Beauveria
60,5aa49e04-383a-4f69-a17a-0a0a0845bd51,0,63,Saccharomyces_kudriavzevii,Saccharomyces
61,eaf3fbae-d2d3-4c8b-a580-0a8efebcca4c,0,62,Schizophyllum_commune,Schizophyllum
62,7e5bdb63-230a-4a63-ac0c-341d97554145,0,62,Pleurotus_ostreatus,Pleurotus
63,aad46606-0dfd-46e5-9971-ea2477552a48,0,60,Aspergillus_brasiliensis,Aspergillus
64,85af9444-eb17-46ef-84e4-6ffe287e02f3,0,57,Schizophyllum_commune,Schizophyllum
65,957da2fe-1abf-4b42-9283-cefeb22d3357,0,56,Schizophyllum_commune,Schizophyllum
66,ee33854f-7f75-488e-b486-b52d792b8382,0,53,Penicillium_sp,Penicillium
67,948f23d7-5287-42dd-9067-34277ac4021c,0,50,Schizophyllum_commune,Schizophyllum
68,97f3a197-2c6f-4067-9af7-4d86d8997ab2,0,49,Rhizopus_stolonifer,Rhizopus
69,019491f2-13f0-40a4-9400-1b0aaaeffbbd,31,47,Beauveria_pseudobassiana,Beauveria
70,949e5827-398f-46a7-b99a-e1819c3051e7,0,46,Beauveria_asiatica,Beauveria
71,9d34338f-c4ad-4302-9633-be4faf9fad14,0,43,Beauveria_asiatica,Beauveria
72,67162535-1808-48cb-b920-a8f7a1addbe2,0,43,Schizophyllum_commune,Schizophyllum
73,e1fe6fec-3f5e-4546-b4a2-d4e96ddd288f,0,41,Pleurotus_ferulaginis,Pleurotus
74,5be5ab5b-43ee-4d74-912b-f4b9e7ae2473,60,41,Komagataella_pastoris,Komagataella
75,00760fec-b155-41a7-b467-e097bed0f631,0,40,Aspergillus_brasiliensis,Aspergillus
76,1304fa0b-d3af-4b83-8741-10f0103bb057,0,40,Schizophyllum_commune,Schizophyllum
77,38422031-4f3a-4f9c-92d1-0123314efee8,0,39,Saccharomyces_cerevisiae,Saccharomyces
78,305adc0c-bb27-4424-b124-450b7f742d0e,0,39,Saccharomyces_paradoxus,Saccharomyces
79,cf2c78f4-c685-490d-a577-1b681fb0d673,0,38,Penicillium_granulatum,Penicillium
80,b792b432-c140-4925-9ef9-bbaa8ac00705,0,37,Pleurotus_ostreatus,Pleurotus
81,8eec3b3d-5409-49ed-8f71-f3f418a85b43,0,37,Rhizopus_stolonifer,Rhizopus
82,fcd248a0-ed4a-41f0-9283-fd4de58e957b,0,36,Rhizopus_stolonifer,Rhizopus
83,1d7655f6-2c33-4e8f-9fd5-6f670e5ff4e4,0,35,Rhizopus_stolonifer,Rhizopus
84,e5de4c2a-ccc7-4cb5-8af3-6118e75735d9,60,34,Komagataella_pastoris,Komagataella
85,020090a7-2f0c-4d09-9f75-fc485e153fa8,0,34,Penicillium_aethiopicum,Penicillium
86,7906614e-bf8d-47ac-bb97-eaf4908cbc7d,0,34,Beauveria_asiatica,Beauveria
87,7933a264-46da-4ad9-b827-fd6d63c966fe,0,34,Schizophyllum_commune,Schizophyllum
88,94e69185-ff11-4488-b744-a8f16f66623f,0,32,Schizophyllum_commune,Schizophyllum
89,c17c7bd4-8715-437a-a029-48ef00fd9df2,0,32,Aspergillus_brasiliensis,Aspergillus
90,f2b9bfe0-2003-4023-80a8-c1025d4c6a36,0,32,Beauveria_asiatica,Beauveria
91,d7395ce2-5899-4fb3-b26b-623db7b04fca,0,30,Aspergillus_brasiliensis,Aspergillus
92,ceecade6-40c1-4a18-8198-199882c8933c,29,29,Beauveria_pseudobassiana,Beauveria
93,78279d49-08d4-4d4a-ab2f-86568102b4ef,0,28,Saccharomyces_kudriavzevii,Saccharomyces
94,705ff84c-6012-4844-ba6b-3b225a9bcace,0,28,Saccharomyces_cerevisiae,Saccharomyces
95,ea0c618e-f250-4c61-bd96-394e677a3c76,0,27,Aspergillus_brasiliensis,Aspergillus
96,c90738f2-36b9-4c58-9660-ee3a3c95268e,0,27,Beauveria_asiatica,Beauveria
97,d32d6fad-f3b7-4bd7-a794-55d1e538c384,0,26,Rhizopus_stolonifer,Rhizopus
98,1b733095-4bb0-4aad-b89f-10a957f1c816,0,26,Pleurotus_ostreatus,Pleurotus
99,bd9eeaa2-1b6e-41bb-ab5a-19ca228357e6,0,26,Penicillium_taurinense,Penicillium
100,d80a3707-d195-4fca-bad7-b60ef7d4334b,0,26,Penicillium_sp,Penicillium
101,4e41ac69-f382-4c7e-8255-421c7ffd0ced,0,26,Schizophyllum_commune,Schizophyllum
102,6c1ca50c-b5ab-4ac0-a1b9-a93ef74adf5c,0,26,Beauveria_asiatica,Beauveria
103,06b8ccfc-5d8a-4d1b-8ffe-1d15bd5f90b6,0,25,Rhizopus_stolonifer,Rhizopus
104,e59ec85c-33b2-4107-88a7-17b57a8541d9,0,25,Aspergillus_brasiliensis,Aspergillus
105,ab2af7b3-f74c-441b-8efb-cd2e81db07b1,0,25,Pleurotus_abieticola,Pleurotus
106,cdc0be19-61f3-4bb1-a6c3-7d8cc4fbb667,0,24,Aspergillus_brasiliensis,Aspergillus
107,e1ed8bfd-54b9-439e-a132-3512b2ca3a06,0,24,Rhizopus_stolonifer,Rhizopus
108,d9a68d59-38f6-44ad-ba63-b046946c583a,0,23,Saccharomyces_cerevisiae,Saccharomyces
109,d266d681-c591-406a-984e-774fe9366988,0,23,Aspergillus_brasiliensis,Aspergillus
110,e62e003c-9fa9-4f23-b4a7-5965adcba5e0,0,23,Penicillium_sp,Penicillium
111,e606f272-365f-4728-a9d1-fc17d0aa3036,0,23,Aspergillus_brasiliensis,Aspergillus
112,952b4c06-5362-4aca-821d-48ea68ad4cbe,0,23,Penicillium_caprifimosum,Penicillium
113,011b26a1-505b-444a-90f7-c63e75e400ae,0,21,Beauveria_amorpha,Beauveria
114,67c7eab1-4c29-401c-b3ff-09e7609e2811,0,21,Penicillium_chrysogenum,Penicillium
115,dd8f8cad-282d-4f1c-aadb-61aab9dd4a08,0,21,Schizophyllum_commune,Schizophyllum
116,00341cef-ec50-42d4-87fc-cd38ee17f61a,0,20,Beauveria_amorpha,Beauveria
117,8af97357-8d94-4a55-ba7b-f410200e4154,0,20,Aspergillus_brasiliensis,Aspergillus
118,810e5499-ced7-4c8b-81d9-e09c31c5cb94,0,20,Beauveria_varroae,Beauveria
119,5f4d0df1-5a09-495a-b038-860952bb1223,0,20,Saccharomyces_cerevisiae,Saccharomyces
120,80fbbd66-4c05-49d5-94f2-4a95e7ad937d,0,20,Pleurotus_ferulaginis,Pleurotus
121,de107229-810f-4c92-973a-1a050bb482e7,0,19,Aspergillus_brasiliensis,Aspergillus
122,4ecf5ac0-6017-4d17-8ca1-b2012a9674c6,0,19,Saccharomyces_cerevisiae,Saccharomyces
123,0c917283-1a67-45ed-8c6f-2146e03425db,0,19,Schizophyllum_commune,Schizophyllum
124,4987bccb-0a56-407c-a549-6b364fcbcf3d,0,19,Schizophyllum_commune,Schizophyllum
125,39c7f0bf-654c-4ae8-b04d-0ba292a369ce,0,18,Beauveria_varroae,Beauveria
126,79d77f41-0708-4533-acac-024264d92b32,0,17,Schizophyllum_commune,Schizophyllum
127,3fcb4050-b8f0-40e4-8610-55838a78ed3c,0,17,Rhizopus_stolonifer,Rhizopus
128,07f98a3f-fd70-4a5a-8bdf-dc3163374176,0,17,Penicillium_granulatum,Penicillium
129,3fcb33aa-3750-444c-a36e-1988f1e4a64c,0,17,Rhizopus_stolonifer,Rhizopus
130,67cc427b-8559-4908-a853-2a640f7ab7bc,0,17,Rhizopus_stolonifer,Rhizopus
131,7262307c-4d58-41e0-a70f-f19ebab158da,0,17,Schizophyllum_commune,Schizophyllum
132,d2d4cbaa-7708-4dd4-823b-1dbc4d9a89b7,0,16,Beauveria_asiatica,Beauveria
133,f0961f05-e1a5-44a5-98b7-2e9ec3eb6eef,0,16,Rhizopus_stolonifer,Rhizopus
134,1c3a32ba-2b3c-4629-8f35-47ac3bfadfe7,0,16,Saccharomyces_cerevisiae,Saccharomyces
135,34a044c4-d274-4359-b4dc-7d3ac63d034b,0,16,Penicillium_chrysogenum,Penicillium
136,718e41f7-9f41-411b-9c11-d82d6c5dd718,0,16,Saccharomyces_cerevisiae,Saccharomyces
137,832602fd-8496-427c-8677-54c717820946,0,15,Rhizopus_stolonifer,Rhizopus
138,0f19d2cb-e31e-4b31-bb1d-3726d03aed27,0,15,Beauveria_asiatica,Beauveria
139,d8f1d7a3-ef6f-48d0-bba7-6c7e7d5433c8,0,15,Rhizopus_stolonifer,Rhizopus
140,33a60f6b-246e-4cfc-9f19-14cf7902c48c,0,14,Penicillium_sp,Penicillium
141,9e66203e-3ea7-4c47-8675-c7a63ba9d6f3,0,14,Pleurotus_abieticola,Pleurotus
142,bcaf9475-bb42-450e-8187-f3fabbef8eef,0,14,Aspergillus_brasiliensis,Aspergillus
143,cb1017ce-f5de-459d-b45e-bf4bf036f8c3,0,14,Penicillium_aethiopicum,Penicillium
144,4ab239f0-d55c-4597-afad-4e61f7bd54e7,0,14,Rhizopus_stolonifer,Rhizopus
145,f0042980-68af-4404-a60b-62e613608177,0,14,Saccharomyces_paradoxus,Saccharomyces
146,bf0a8cdf-0609-49c0-8d0c-93016e958c74,0,14,Rhizopus_stolonifer,Rhizopus
147,4c46319b-ef19-4a67-b366-123857b3d6df,0,14,Penicillium_granulatum,Penicillium
148,7fbc28a1-ac31-456b-a800-74382072e4af,0,14,Schizophyllum_commune,Schizophyllum
149,f71d7803-acf8-41d2-85f4-a85e6d7d0e0a,0,13,Beauveria_asiatica,Beauveria
150,b8ac7a59-cb7f-48d3-bba0-30b7440b29f1,0,13,Rhizopus_stolonifer,Rhizopus
151,5922c999-eb6c-4542-ad51-ea6c207e3eba,0,13,Saccharomyces_cerevisiae,Saccharomyces
152,2845a2ce-56ed-495a-a2a4-092777af3fb2,0,13,Penicillium_granulatum,Penicillium
153,25637081-b4e7-42a5-ac20-e732a31d0a52,0,13,Absidia_psychrophilia,Absidia
154,b9bcde4d-f99a-44e6-bc9c-53dbfa89cad0,0,13,Penicillium_aethiopicum,Penicillium
155,24462d32-c43a-4e74-8a39-4aa166ba005a,39,13,Beauveria_pseudobassiana,Beauveria
156,261adea0-0367-4a53-946c-ee980e922443,0,13,Pleurotus_sp,Pleurotus
157,3222141b-33ad-488f-bb72-635a8f5a6911,0,12,Pleurotus_sp,Pleurotus
158,0b123170-884b-4c43-aecb-49d746172691,0,12,Pleurotus_floridanus,Pleurotus
159,b027f61b-2033-45c7-8f79-8bd7661c7f94,0,12,Absidia_psychrophilia,Absidia
160,454cbdca-c846-43b8-aca0-e039c5be1b44,0,12,Rhizopus_stolonifer,Rhizopus
161,250a845f-13ed-4cb5-89c8-61ae17c6f8c1,0,12,Aspergillus_brasiliensis,Aspergillus
162,16c94108-c279-4167-8d52-80da9ddaf995,0,12,Saccharomyces_cerevisiae,Saccharomyces
163,f135f973-86bc-4173-900e-e8de70bacec5,0,11,Penicillium_turbatum,Penicillium
164,5ecebf33-fd4b-4423-bd19-e8b037b5b12a,0,11,Rhizopus_stolonifer,Rhizopus
165,28690383-a016-4799-a360-9c192719fa34,0,11,Absidia_psychrophilia,Absidia
166,50012bc7-38fd-46c0-af0c-666cddc59d38,60,11,Komagataella_pastoris,Komagataella
167,d244a7a3-123f-4227-8087-4cd36ee17ebe,0,11,Penicillium_granulatum,Penicillium
168,470490bb-082a-44a6-af9a-3110fb78dc4c,0,11,Penicillium_sp,Penicillium
169,1859d699-a922-4b96-88da-42e5c0939e5b,0,11,Rhizopus_stolonifer,Rhizopus
170,8cfb17d9-112d-458d-9b78-8caed21460e4,0,10,Rhizopus_stolonifer,Rhizopus
171,2dd70153-88b5-435b-b25d-f652394ef513,26,10,Beauveria_pseudobassiana,Beauveria
172,8e5485c6-9e7b-4f6d-9080-8a1b75d681b2,0,10,Rhizopus_stolonifer,Rhizopus
173,c02b230f-6e63-4c41-8eaa-46813bbf47f4,0,10,Beauveria_asiatica,Beauveria
174,f8aa7709-cc15-478a-be14-98b1597fbd5d,0,10,Beauveria_asiatica,Beauveria
175,103ae47b-f4d8-4ac1-9aec-d77397e8a2b1,44,10,Komagataella_pastoris,Komagataella
176,07ccd546-a8ef-4680-a81a-0972090eea85,0,10,Pleurotus_sp,Pleurotus
177,9e9cce9b-f6a8-4b23-b77c-a73900e4dbbc,0,10,Rhizopus_stolonifer,Rhizopus
178,2183ff90-5958-4df8-904d-723d9cb58543,0,10,Rhizopus_stolonifer,Rhizopus
179,528b8b42-f38b-4a8b-afc9-97fa4e169a46,0,10,Schizophyllum_commune,Schizophyllum
180,528a47ea-4538-4dda-9e09-7d47c21615f1,0,10,Aspergillus_brasiliensis,Aspergillus
181,1d8843a4-6b3e-49ed-adc0-83267dc62aa7,28,10,Beauveria_pseudobassiana,Beauveria
182,32010eb2-cb03-4522-bc67-24ace5d624f3,0,10,Pleurotus_ostreatus,Pleurotus
183,425193b5-e97a-4439-8a5d-d7f21a1a3a99,0,9,Pleurotus_abieticola,Pleurotus
184,e9c9a9db-8739-4904-b634-2e3a4a9b940c,0,9,Saccharomyces_cerevisiae,Saccharomyces
185,60100e03-8903-415c-b353-a6df35562ba8,0,9,Rhizopus_stolonifer,Rhizopus
186,eb7470a2-7039-4cf7-90bd-bef4348676cd,29,9,Beauveria_pseudobassiana,Beauveria
187,d4a0a0fe-0ae4-45f0-94ea-4bcda4db3b39,0,9,Penicillium_polonicum,Penicillium
188,abf4e206-f497-485c-918a-2f4ae8f150e9,0,9,Rhizopus_stolonifer,Rhizopus
189,868c20af-338a-4d79-a1d9-38b69cc1ac4d,0,9,Beauveria_asiatica,Beauveria
190,87cb6e90-5102-481a-8663-069990e85e76,0,9,Rhizopus_stolonifer,Rhizopus
191,a83a4f5f-8d02-4027-aed5-f3bd7e589b55,0,9,Aspergillus_brasiliensis,Aspergillus
192,2ade8866-ea96-4be1-a307-095c7244cbd8,0,9,Schizophyllum_commune,Schizophyllum
193,64449e68-ba4e-4e57-a367-36a015647bb4,0,9,Penicillium_sp,Penicillium
194,337ecd24-9798-4e97-aea1-7ca5ad655994,0,8,Saccharomyces_paradoxus,Saccharomyces
195,2d0fc356-bb01-40c0-bfd9-4cd258633875,0,8,Pleurotus_sp,Pleurotus
196,bf2a57b3-3508-4e5b-a05e-70965b2c74ae,0,8,Rhizopus_stolonifer,Rhizopus
197,054427af-b0e9-4d57-95ea-29b683a20624,0,8,Rhizopus_stolonifer,Rhizopus
198,524fb244-f62b-440a-89ef-602d459645ec,0,8,Absidia_sp,Absidia
199,eb7ecaa5-e5db-4244-9eee-7b41db1ab339,0,8,Rhizopus_stolonifer,Rhizopus
200,9652a44f-f6f9-45b0-82b8-d14554b622db,0,8,Schizophyllum_commune,Schizophyllum
201,f7fa5788-b6ee-4752-96f9-4691775d4bb4,0,8,Aspergillus_brasiliensis,Aspergillus
202,f8516971-f5d2-4c46-8d4c-4a62ad7b42a9,0,8,Penicillium_granulatum,Penicillium
203,829bee61-9e22-40f9-bcc8-fde405443e6e,0,8,Penicillium_carneum,Penicillium
204,cd5ae96f-1de7-48f4-9120-ac6f4f29e4bb,0,8,Saccharomyces_cerevisiae,Saccharomyces
205,fe038f3c-bf4c-4672-9418-f42a4b51e8e2,0,8,Schizophyllum_commune,Schizophyllum
206,9fd8eebe-01c4-4d65-97e8-da0d86505b07,0,8,Beauveria_asiatica,Beauveria
207,f31885e2-ef0c-4b9f-854b-1b2de82f04aa,0,8,Rhizopus_stolonifer,Rhizopus
208,02ef0c32-0b77-4938-a838-13a90b030fb7,0,7,Rhizopus_stolonifer,Rhizopus
209,367a7ebc-0c96-4e97-a44b-e8b25d477edf,0,7,Aspergillus_brasiliensis,Aspergillus
210,27c2204d-e383-42c0-87f1-7ba0114084fe,0,7,Aspergillus_brasiliensis,Aspergillus
211,f9e1f8e2-da20-4ffb-bc33-4dbf2253408c,0,7,Tolypocladium_cylindrosporum,Tolypocladium
212,a5f157e3-9393-4001-8cb3-565018a12db7,0,7,Penicillium_granulatum,Penicillium
213,0e58313f-c1e5-4282-855b-b838d073a2f7,0,7,Schizophyllum_commune,Schizophyllum
214,9f740848-6664-4f65-ab0f-b5274f9970d7,59,7,Komagataella_pastoris,Komagataella
215,bd81488c-d024-45b3-82dd-fe3b7f16b607,0,7,Aspergillus_brasiliensis,Aspergillus
216,54e230b4-dad4-4811-8f3a-f09b1acbcf01,0,7,Absidia_psychrophilia,Absidia
217,cb39de85-7de1-4727-8600-1adfe64fcd89,0,6,Pleurotus_abieticola,Pleurotus
218,1119c959-a816-497e-b0b7-83de631c0065,0,6,Rhizopus_stolonifer,Rhizopus
219,fe260228-bd86-4362-a25e-0ade9b70da71,0,6,Aspergillus_brasiliensis,Aspergillus
220,0689254a-f5b3-47ea-a9c7-981a434fd134,0,6,Schizophyllum_commune,Schizophyllum
221,182a1e3d-94d9-4d56-b998-4cf95f6408b4,0,6,Beauveria_asiatica,Beauveria
222,4ccfb6bf-b1b8-4365-bcf5-545b6a4e5805,0,6,Basidiomycota_sp,unidentified
223,9bb1ff6d-883f-4275-80ff-349a1a114c8e,0,6,Schizophyllum_commune,Schizophyllum
224,d395e3d8-868f-42a3-9421-de8861bab9f2,0,6,Penicillium_polonicum,Penicillium
225,3b694234-ada0-40d8-bd89-80d10ec71457,0,6,Aspergillus_niger,Aspergillus
226,eb61b238-2187-47a9-882f-310107f22c28,0,6,Schizophyllum_commune,Schizophyllum
227,9906af69-b43e-4c6d-90b4-ed716c6fe508,0,6,Rhizopus_stolonifer,Rhizopus
228,e70d9930-84d3-4891-ac39-75f8cab600bb,0,6,Aspergillus_brasiliensis,Aspergillus
229,459fe1e3-e0a8-417e-ba5d-1b0adb858a7c,0,6,Aspergillus_brasiliensis,Aspergillus
230,c87118dc-3d6b-4d15-989b-1b069267ae92,0,6,Pleurotus_abieticola,Pleurotus
231,6a47be72-7946-486b-b09f-7015d5abb863,0,6,Penicillium_chrysogenum,Penicillium
232,2395ddc1-c402-4228-9132-f230490d13ec,0,6,Schizophyllum_commune,Schizophyllum
233,bd6195ad-f88a-4080-82c3-e02fb2201def,0,6,Penicillium_sp,Penicillium
234,94e863a0-2036-4540-9574-b5b1e2b523ab,0,6,Penicillium_vulpinum,Penicillium
235,ef0f79b2-4848-4784-9b0d-68f4ff1c89f4,0,6,Penicillium_sp,Penicillium
236,49449673-ca67-4805-907d-e78d84ac6d38,0,6,Aspergillus_brasiliensis,Aspergillus
237,4706bfe2-22a7-4111-97d8-44bd70c56216,0,6,Absidia_psychrophilia,Absidia
238,4e65bd78-386d-40a6-ae07-76105ce294c9,0,6,Penicillium_chrysogenum,Penicillium
239,3caa2961-b712-4f6d-bc2c-339520c66878,0,6,Aspergillus_niger,Aspergillus
240,c989656e-11a3-4cfe-b501-8bc2d1803343,0,6,Schizophyllum_commune,Schizophyllum
241,2b2b3a63-bdb1-46fd-abb2-f19456a8a0d9,0,5,Pleurotus_abieticola,Pleurotus
242,40a17442-ed46-43ea-aa3d-5dc6d4bad04a,0,5,Pleurotus_sp,Pleurotus
243,692acb9e-a716-4396-9966-69f184f2c756,0,5,Beauveria_asiatica,Beauveria
244,53d0c163-6e31-4f99-95a3-46c68d1bb535,0,5,Rhizopus_stolonifer,Rhizopus
245,4ac5d797-87dd-48dc-bdbf-8ebc5fb79ae1,0,5,Aspergillus_brasiliensis,Aspergillus
246,3c93980b-3edd-4494-a6c5-330d71ca575e,0,5,Aspergillus_brasiliensis,Aspergillus
247,3bab6bcb-5545-4d4f-b04d-c297ceb7ec24,0,5,Beauveria_sungii,Beauveria
248,a65f7e05-e5d4-4865-b6a6-95dfb0dad51f,0,5,Schizophyllum_commune,Schizophyllum
249,e29bebb7-5e61-4eeb-90a9-62eeb2888177,0,5,Absidia_sp,Absidia
250,d1ba00c1-bb34-4b96-a7c1-338c89f7cfec,0,5,Saccharomyces_kudriavzevii,Saccharomyces
251,ca6a94e6-0546-4dcb-a1f0-8b56774a11aa,0,5,Saccharomyces_cerevisiae,Saccharomyces
252,0e5a2126-3fea-41aa-b022-a4c3b0f0ed8d,0,5,Beauveria_malawiensis,Beauveria
253,1f7a0821-6fcc-4ac3-87b9-e723d27dec0f,0,5,Beauveria_asiatica,Beauveria
254,9315e78e-7c8e-44d3-bfe0-67dadf76b2a2,0,5,Penicillium_sp,Penicillium
255,d6396d54-4b1b-4c30-9179-1abe5490ab26,0,5,Pleurotus_sp,Pleurotus
256,913f4dbe-a7f2-49fd-b9b6-1435263743b4,0,5,Rhizopus_stolonifer,Rhizopus
257,8f4af29b-d01d-4fc7-9637-9cd2f394c25c,0,5,Beauveria_asiatica,Beauveria
258,147f223f-42c4-48e0-b140-ca2b73e6edc5,0,5,Rhizopus_stolonifer,Rhizopus
259,0bb03d7d-f684-44e4-8549-fd05f87153bc,0,5,Komagataella_ulmi,Komagataella
260,9e1b4f1a-52c6-4b3a-b340-d9cdee3f5487,0,5,Pleurotus_ostreatus,Pleurotus
261,0af0c1aa-f12a-464b-8100-2a64fc7cf70e,0,5,Pleurotus_ferulaginis,Pleurotus
262,8970615b-b9d8-4d98-aaca-6809bb4175ed,0,5,Penicillium_chrysogenum,Penicillium
263,821bada0-7ca3-4bcd-bf24-bf454ac134e0,28,5,Beauveria_pseudobassiana,Beauveria
264,b0e175a7-bed5-4360-8491-08f9d6448589,55,5,Absidia_sp,Absidia
265,1c4fc0a0-9623-4f2a-9c61-5e01e5531304,0,5,Aspergillus_brasiliensis,Aspergillus
266,a0886337-4583-4aae-826f-e045a724a3d1,0,5,Rhizopus_stolonifer,Rhizopus
267,ec667679-c8b8-4e7c-ac25-c54cb6ccf34b,0,5,Pleurotus_abieticola,Pleurotus
268,a4a191be-016d-42e3-bd96-41f568c28d58,0,5,Penicillium_sp,Penicillium
269,bc1b272f-0a93-4e4b-8955-bc5c96e51471,0,5,Rhizopus_stolonifer,Rhizopus
270,b11d24c7-fec8-4d39-bcc2-ea991bb1fc06,0,4,Penicillium_taurinense,Penicillium
271,c6412fb5-be0b-41d7-8d27-e153fed12120,0,4,Pleurotus_abieticola,Pleurotus
272,b2d3f97a-edda-4826-92fa-d55ad9769068,0,4,Saccharomyces_paradoxus,Saccharomyces
273,51b57d98-df8e-419e-9ded-ca3dcfd36834,31,4,Beauveria_pseudobassiana,Beauveria
274,12b440aa-fc17-4e07-b762-6210eaf99c53,0,4,Rhizopus_stolonifer,Rhizopus
275,c0bf5141-ee29-46a0-9288-6ad4e3b96ca5,0,4,Aspergillus_brasiliensis,Aspergillus
276,7d82ba7b-58b8-461c-9ad7-a6f35f84bc15,0,4,Aspergillus_piperis,Aspergillus
277,bfcb2d37-3f40-497b-8288-14b2337efad4,0,4,Pleurotus_abieticola,Pleurotus
278,ba066f50-7095-4954-afc2-2a9e04ee32ec,0,4,Penicillium_sp,Penicillium
279,4da4f3aa-a256-44ab-b5e4-8891e1c96c15,0,4,Rhizopus_stolonifer,Rhizopus
280,cc932de0-cedb-4392-a4d7-85cdbf8fc6aa,0,4,Rhizopus_stolonifer,Rhizopus
281,7b6ff68c-083a-441f-a5ca-99e55d668f0e,0,4,Beauveria_amorpha,Beauveria
282,35ea4f24-53c5-4509-b8b6-cb3640429d5b,0,4,Penicillium_sp,Penicillium
283,d1ec5361-3ba1-48e8-b357-73f29b755ba5,0,4,Rhizopus_stolonifer,Rhizopus
284,eec9d718-c6c9-4790-9d41-2e04731a162c,0,4,Penicillium_chrysogenum,Penicillium
285,3d22d0dd-a7a9-409d-9db0-0086802135ca,0,4,Rhizopus_stolonifer,Rhizopus
286,3face940-4cb8-41a5-8546-89e1feae9538,0,4,Aspergillus_brasiliensis,Aspergillus
287,ec4095ad-8f3d-4dd7-b50d-5e31e1aed2b4,28,4,Beauveria_pseudobassiana,Beauveria
288,066ea87d-ac65-46ac-a192-492bd72596be,0,4,Absidia_psychrophilia,Absidia
289,e9104af9-fc64-4946-95cc-b82a8c6d73bd,0,4,Rhizopus_stolonifer,Rhizopus
290,e8734374-3a2c-4a1a-a355-3f9c6800b1fb,0,4,Rhizopus_stolonifer,Rhizopus
291,43cb3314-88d7-4988-b86a-f9399728a3cd,0,4,Beauveria_varroae,Beauveria
292,e86a46e2-2968-46c7-b006-3f22793a7e58,0,4,Pleurotus_ferulaginis,Pleurotus
293,44f17f65-615c-40f1-90e6-080e55167452,0,4,Schizophyllum_commune,Schizophyllum
294,45f82b29-de50-4c2c-b0dd-3de0a90f3682,0,4,Pleurotus_sp,Pleurotus
295,4834d9a3-a038-4974-9946-4a50a9cbc5da,0,4,Beauveria_australis,Beauveria
296,3700d345-3887-4b1a-8b44-6ebf6d63695f,0,4,Saccharomyces_cerevisiae,Saccharomyces
297,48ef1810-39f1-4446-9247-f71bcbc14622,0,4,Saccharomyces_cerevisiae,Saccharomyces
298,0d073a06-96f4-4b3e-ad60-801bcd4337ca,0,4,Fungi_sp,unidentified
299,ae608ba4-10b0-433c-98d7-27cae49cf332,0,4,Absidia_psychrophilia,Absidia
300,d393f8e5-13af-4d9f-8a82-69af7a4e1a09,0,4,Pleurotus_abieticola,Pleurotus
301,496fdce8-7cfc-4337-8c53-85415dfd2d88,0,4,Rhizopus_stolonifer,Rhizopus
302,b69fb517-f2db-43d1-a3df-5acc8ec6cb2a,0,4,Beauveria_asiatica,Beauveria
303,ab5f16c2-cf3c-4a94-abeb-81277d22734d,0,4,Schizophyllum_commune,Schizophyllum
304,9a5b7001-d476-4a9d-bec2-56954be8f8a1,0,4,Rhizopus_stolonifer,Rhizopus
305,7f4a9ce0-edcc-4d74-a5b5-e9403bca8fd3,0,4,Rhizopus_stolonifer,Rhizopus
306,275c2cd7-c809-4472-9bf2-941a5ec10523,0,4,Rhizopus_stolonifer,Rhizopus
307,762a0433-f5a4-458c-aa3f-14a62cf021f7,0,4,Absidia_psychrophilia,Absidia
308,8502b394-a132-41fa-90bd-6adeabc36a61,0,4,Schizophyllum_commune,Schizophyllum
309,71aa8403-54ac-4f88-a2c9-4071f643f3a4,0,4,Rhizopus_stolonifer,Rhizopus
310,88536b16-f4c3-4cab-bed6-40115b6f9b22,0,4,Penicillium_sp,Penicillium
311,8a4ed994-9d1d-43f1-adef-4109b96f78c6,0,4,Saccharomyces_cerevisiae,Saccharomyces
312,8d3d7c2b-aa94-46a3-9263-c2971f59243b,0,4,Rhizopus_stolonifer,Rhizopus
313,6ed087fd-80cd-48a2-a2ac-b8ecc713a8d8,0,4,Saccharomyces_kudriavzevii,Saccharomyces
314,928f8e4f-c1c2-4dda-a244-feb7c9e73c59,0,4,Beauveria_australis,Beauveria
315,2d237d84-8d15-4076-976f-cd0f3aafa525,0,4,Pleurotus_floridanus,Pleurotus
316,9485f5b6-e1bf-4a1e-bfbb-e67c418e3b1d,0,4,Beauveria_asiatica,Beauveria
317,68d32b38-c82c-46f3-ac1d-28375ca9a40c,0,4,Rhizopus_stolonifer,Rhizopus
318,990794a7-ccfb-4ec4-a0ea-fc0be6416fa3,0,4,Penicillium_sp,Penicillium
319,9ae609b0-d308-427b-b3c9-cb96334ea482,0,4,Rhizopus_stolonifer,Rhizopus
320,a058b673-9504-4535-929b-5ff43c94c7f2,0,4,Pleurotus_abieticola,Pleurotus
321,9d8232b4-a2d8-4f17-8ca8-cfe3c28a362f,0,4,Saccharomyces_cerevisiae,Saccharomyces
322,a54a8d54-b0cf-4752-9392-200b9dae2115,0,4,Cordycipitaceae_sp,unidentified
323,a1e330f0-d46c-4d06-b484-6007c14bfbe9,0,4,Beauveria_asiatica,Beauveria
324,c4165797-cb7a-4924-9a7a-b1f779218a6c,0,3,Penicillium_sp,Penicillium
325,43eed6ac-2125-481e-934f-4cb48df424ab,0,3,Beauveria_pseudobassiana,Beauveria
326,da49aefc-16a4-419e-9fc2-4a404cbac637,0,3,Schizophyllum_commune,Schizophyllum
327,dc8a8b8c-3d8f-4adf-94fa-151ace13b4c7,0,3,Penicillium_sp,Penicillium
328,620a6479-db16-4fe5-b362-ff2d2abf4a57,28,3,Beauveria_pseudobassiana,Beauveria
329,6fd1053a-c8e7-4aec-950f-9c3bd3f128ff,0,3,Beauveria_australis,Beauveria
330,8a50d0c7-9f0c-4945-9633-2437495dc173,0,3,Rhizopus_stolonifer,Rhizopus
331,535f5c91-dc8c-4a9c-b790-8b248bf38fc3,0,3,Rhizopus_stolonifer,Rhizopus
332,e865c8f7-f8b3-485b-9b0b-228a24b39317,0,3,Rhizopus_stolonifer,Rhizopus
333,b6be21cb-5c15-4638-9fad-4b44558cb602,0,3,Rhizopus_stolonifer,Rhizopus
334,42b5972d-c5a7-4598-a3e2-debe21d29b68,0,3,Aspergillus_brasiliensis,Aspergillus
335,6d97d96c-7678-44c8-ac08-5993c9c7f156,0,3,Schizophyllum_commune,Schizophyllum
336,b48441e2-d323-40f3-a9cb-a7d7fe0696e3,0,3,Beauveria_asiatica,Beauveria
337,82502168-8612-4a69-8f2a-502c365589d5,0,3,Saccharomyces_cerevisiae,Saccharomyces
338,741f6437-cf3e-4287-8467-c747b53f5474,0,3,Rhizopus_stolonifer,Rhizopus
339,76ea95e7-073e-459f-80a7-788a8085fc61,0,3,Absidia_sp,Absidia
340,77ad0447-c0df-4e85-b86e-41a1152c3ea5,17,3,Beauveria_pseudobassiana,Beauveria
341,b22b0e92-1718-4c82-9425-46bb12d4cd00,0,3,Beauveria_asiatica,Beauveria
342,5c855537-5b98-43c8-9645-9fc6e5364810,0,3,Rhizopus_stolonifer,Rhizopus
343,f4862c61-e840-41f4-bbe0-19c1b466e0dd,0,3,Beauveria_varroae,Beauveria
344,47d9cabf-7e37-4726-a1c8-513090d0e3f7,0,3,Aspergillus_brasiliensis,Aspergillus
345,4894d436-a980-49b0-9d6c-fbe63802deb9,0,3,Aspergillus_brasiliensis,Aspergillus
346,51397dfe-0ede-44ba-8772-bb1bc74b486c,0,3,Beauveria_varroae,Beauveria
347,6ce15993-e1ea-4ab8-9ef0-79e7f09f34ce,0,3,Aspergillus_brasiliensis,Aspergillus
348,c4175bc9-7457-4ba4-bbfd-d5aa5b654aab,0,3,Pleurotus_ferulaginis,Pleurotus
349,c442ce94-2e1e-4f10-b532-775f0ef30bf1,0,3,Penicillium_chrysogenum,Penicillium
350,9a0bb8eb-2718-42a7-92b3-89932b3fb2e5,0,3,Schizophyllum_commune,Schizophyllum
351,673db481-5be3-4049-b5d1-e8c45f3ab0a1,0,3,Penicillium_sp,Penicillium
352,c909cdd8-236f-4334-85be-7688804cdf82,0,3,Rhizopus_stolonifer,Rhizopus
353,969e6c10-c16c-4f8f-aff9-fdc44bae02dd,0,3,Rhizopus_stolonifer,Rhizopus
354,96793651-e10b-4830-af08-aa10cc6dcff2,0,3,Pleurotus_abieticola,Pleurotus
355,cdf1ce35-5a83-4952-b5ce-994240f26d26,0,3,Tolypocladium_cylindrosporum,Tolypocladium
356,67d76cbe-c685-40ea-8ec6-b0a37c6b5c05,0,3,Rhizopus_stolonifer,Rhizopus
357,d1292900-3543-4fdc-a1d4-9a7340ae9fb6,0,3,Rhizopus_stolonifer,Rhizopus
358,684a9fe5-5568-4d22-b013-6492ddee6a26,0,3,Rhizopus_stolonifer,Rhizopus
359,63b25fa0-e31c-4254-ab6e-04a72a5b680d,0,3,Absidia_psychrophilia,Absidia
360,c000c263-7812-4d31-b5e4-a3332f641f18,0,3,Penicillium_aethiopicum,Penicillium
361,5c20fe52-30df-4dfd-9ee2-db05d61ecb5b,0,3,Schizophyllum_commune,Schizophyllum
362,5297ad90-c71f-419b-81a2-54ecc7155229,0,3,Aspergillus_brasiliensis,Aspergillus
363,4a48b463-bd67-457b-8f5c-4d21bcd8ff03,0,3,Pleurotus_abieticola,Pleurotus
364,d4d88f60-918f-46e9-96fd-5e91a79d9083,0,3,Beauveria_asiatica,Beauveria
365,93bea491-0ac1-4cc6-b686-77d28804f80d,0,3,Pleurotus_abieticola,Pleurotus
366,6256ec8a-f7b8-419e-bee9-7cc4e104e0cc,0,3,Penicillium_tunisiense,Penicillium
367,6ba29933-1106-40d5-8069-a7eb2ef373bd,0,3,Schizophyllum_commune,Schizophyllum
368,920c0cbe-5d17-472f-97dd-3f76e3e4e866,0,3,Schizophyllum_commune,Schizophyllum
369,d35c33ea-109d-4e66-9381-11896af070aa,0,3,Penicillium_aethiopicum,Penicillium
370,000b49b7-1dfe-4dc7-8143-9bcd9b961d2d,0,3,Penicillium_persicinum,Penicillium
371,10da64ba-4c30-445d-8dd2-148ad7f17dcf,0,3,Aspergillus_niger,Aspergillus
372,3a55f6c9-7069-4823-a2b8-738dda785ee3,0,3,Rhizopus_stolonifer,Rhizopus
373,12b00d03-2a3d-424d-b786-205b5a558646,0,3,Saccharomyces_cerevisiae,Saccharomyces
374,3810091f-8667-4def-a020-87a94b782d72,0,3,Aspergillus_brasiliensis,Aspergillus
375,0ee30e80-9f8b-402f-a374-bbc3b8bc965f,0,3,Penicillium_sp,Penicillium
376,34b0100c-92a7-4cc0-9919-c454a4486c3d,0,3,Rhizopus_stolonifer,Rhizopus
377,066d564b-8086-4fa8-be33-30f4f495631b,0,3,Basidiomycota_sp,unidentified
378,33476b76-fd4e-45c4-8374-55ad5959cbdd,0,3,Pleurotus_ferulaginis,Pleurotus
379,2a6a8190-07be-4ea0-9973-e4a891d9fa3d,0,3,Rhizopus_stolonifer,Rhizopus
380,06a01f76-bcb6-4926-bea7-42948e511a99,0,3,Absidia_psychrophilia,Absidia
381,06c71120-f72d-4c52-91c8-d2084bfaebca,0,3,Aspergillus_niger,Aspergillus
382,0bf4c0ac-b053-484f-82e4-619cba610859,0,3,Aspergillus_piperis,Aspergillus
383,25faa11a-4776-408a-b7cb-bb6d7fed3ea9,0,3,Aspergillus_niger,Aspergillus
384,36ef260d-60dc-4b44-b559-b3fb2bc2e441,0,3,Saccharomyces_cerevisiae,Saccharomyces
385,3a65d980-f5b1-49bf-be7d-b2b1d54bc69a,0,3,Penicillium_expansum,Penicillium
386,0af0f278-3d14-4dde-bf75-440ba8091811,0,3,Rhizopus_stolonifer,Rhizopus
387,bf18b6bb-73a4-44f7-9fcd-df55ffb10c75,0,2,Penicillium_polonicum,Penicillium
388,2cd6bd80-4961-4e9a-b611-9b945acdc0e1,0,2,Rhizopus_stolonifer,Rhizopus
389,357ca964-9e8a-4691-92ef-ea814deb938b,0,2,Beauveria_asiatica,Beauveria
390,d745be25-f50b-4b44-b7d0-68711d5f2e41,0,2,Saccharomyces_mikatae,Saccharomyces
391,ed78796d-cc1e-425c-8aa1-20fedc0cca07,0,2,Schizophyllum_commune,Schizophyllum
392,4f0d6ab8-0df2-4851-b53f-a4f9c6e410d5,0,2,Absidia_sp,Absidia
393,882972f1-45c0-4d25-8967-d12b09e042a6,0,2,Penicillium_aethiopicum,Penicillium
394,b23f3afe-b12c-4b48-b99f-9ed6cf7d7736,0,2,Penicillium_chrysogenum,Penicillium
395,ebf1d1e3-0133-45ab-807d-3ef359251d44,0,2,Saccharomyces_cerevisiae,Saccharomyces
396,4cd4e8f1-b155-4ce2-8138-0f78d734326a,0,2,Aspergillus_brasiliensis,Aspergillus
397,67bed916-a77c-46c3-8262-d54677f2b094,0,2,Beauveria_malawiensis,Beauveria
398,05efedcd-db55-4102-8af6-be0ecae03a4e,0,2,Schizophyllum_commune,Schizophyllum
399,92328dfb-bd7a-4441-9d7c-99ffc4ea4ca1,0,2,Penicillium_aethiopicum,Penicillium
400,e0f6c845-feac-4713-9c89-44b44810c955,0,2,Aspergillus_brasiliensis,Aspergillus
401,15f4f0be-19b1-4b3b-8282-d398ad2477a0,0,2,Penicillium_granulatum,Penicillium
402,6794bf87-268a-4fd9-be01-3bbd3edc16be,0,2,Rhizopus_stolonifer,Rhizopus
403,0c5b962f-d61c-48ba-b3d1-ecbbb96dafba,0,2,Rhizopus_stolonifer,Rhizopus
404,4d1cdada-9dbc-4ce0-ade7-d393b223795a,0,2,Pleurotus_ostreatus,Pleurotus
405,d647f071-657a-4196-89b2-a22298ed3a5b,0,2,Rhizopus_stolonifer,Rhizopus
406,918d6fd4-700e-4c72-acef-ff981bf73fbc,0,2,Rhizopus_stolonifer,Rhizopus
407,0d727ca7-d665-43f8-9912-63d3c16c0a2a,0,2,Beauveria_asiatica,Beauveria
408,15da649c-cca7-4e77-9b27-5fbe9db259c1,0,2,Rhizopus_stolonifer,Rhizopus
409,6bae1b69-6372-439c-86a2-0f5cfcc15b12,0,2,Rhizopus_stolonifer,Rhizopus
410,36ecfba2-a478-4fe5-98de-1cfa24f3a922,0,2,Beauveria_malawiensis,Beauveria
411,7d760b75-c477-460f-b35b-b60a008c5e9a,0,2,Absidia_psychrophilia,Absidia
412,36d160e5-e41b-423f-bb70-376cf6dc116d,0,2,Beauveria_amorpha,Beauveria
413,4a09fb93-2f9d-481c-8bfb-59bf45d6e288,0,2,Aspergillus_brasiliensis,Aspergillus
414,f1e26895-4e63-4ddd-8b45-6c817f8d9200,0,2,Penicillium_persicinum,Penicillium
415,f1a11148-c706-4bcc-820d-969b36c51bc6,0,2,Pleurotus_ostreatus,Pleurotus
416,d4f29fd4-82fe-4f70-9d18-9f1865504b66,0,2,Schizophyllum_commune,Schizophyllum
417,205fdf07-902d-497b-9f43-c3ff5a87abd0,0,2,Beauveria_asiatica,Beauveria
418,7db84d75-bae2-448a-9657-663d890193a7,35,2,Beauveria_pseudobassiana,Beauveria
419,c4ee1dd1-51c4-405d-8eab-97c763d1d3a6,0,2,Pleurotus_djamor,Pleurotus
420,c46a89ed-c730-4f99-8ad1-937ecfce95bf,0,2,Pleurotus_ostreatus,Pleurotus
421,4b131fa8-5d5c-40ed-bbea-13c87031ef75,0,2,Rhizopus_stolonifer,Rhizopus
422,f046d3f5-10d8-4fee-acb6-10c30524c025,0,2,Penicillium_polonicum,Penicillium
423,3636bfa3-4776-4449-a65a-1d6c6e85a73e,0,2,Penicillium_aethiopicum,Penicillium
424,d5ed9dca-204a-4784-9029-609aa44b7b16,0,2,Schizophyllum_commune,Schizophyllum
425,51fd4b49-4ff6-478c-8a9a-aa0e559cec78,0,2,Penicillium_chrysogenum,Penicillium
426,2ec21b54-e028-4779-b8d7-cc3901d1ac6a,0,2,Pleurotus_ferulaginis,Pleurotus
427,608f4709-6a49-496e-b56f-59f4862825f9,0,2,Aspergillus_niger,Aspergillus
428,59d8ab0e-4721-41ab-ba7c-09c6394669ee,0,2,Aspergillus_brasiliensis,Aspergillus
429,e5d7105d-18f7-4630-bf66-5f193d3ffe51,0,2,Saccharomyces_cerevisiae,Saccharomyces
430,8d61e0eb-496f-44ae-a1c5-7d35d7b4bc50,0,2,Rhizopus_stolonifer,Rhizopus
431,16806746-6a0d-4686-aa85-2ffac0a9b69c,0,2,Tolypocladium_cylindrosporum,Tolypocladium
432,8440ad31-c061-4a9d-ac62-c98b6b92f5c2,0,2,Penicillium_sp,Penicillium
433,0bcfc2e4-0eb4-4896-a777-30690fbe6008,0,2,Rhizopus_stolonifer,Rhizopus
434,848152d6-67c3-4712-9e3f-b67c8c4135ec,0,2,Penicillium_granulatum,Penicillium
435,84ca09e5-6e0c-4c78-829a-1e4682c9180f,0,2,Rhizopus_stolonifer,Rhizopus
436,8ba47e10-5894-4c91-af9c-54c32b382f9b,0,2,Saccharomyces_cerevisiae,Saccharomyces
437,641ec5ef-92f0-45b5-bee6-0f382ec47c8c,0,2,Schizophyllum_commune,Schizophyllum
438,5a945965-28be-49b0-be59-8fb472c1a39f,0,2,Rhizopus_stolonifer,Rhizopus
439,0b9777b1-44e2-4406-a480-c1718e3406de,0,2,Rhizopus_stolonifer,Rhizopus
440,26672283-9806-46f4-9e23-9981c643472a,0,2,Saccharomyces_cerevisiae,Saccharomyces
441,5c679901-465a-4301-baa7-cc822dabd200,0,2,Saccharomyces_cerevisiae,Saccharomyces
442,24ba383d-5bb2-4304-8114-e75fc5820352,0,2,Penicillium_sp,Penicillium
443,862b93bc-6a2b-4a61-be8b-0bd080524136,0,2,Beauveria_asiatica,Beauveria
444,095f3e02-44e7-4a89-868c-17f94a668294,0,2,Beauveria_malawiensis,Beauveria
445,db96c0e0-fda8-496e-9146-256f6d4a6b8f,0,2,Penicillium_sp,Penicillium
446,c07b022d-8d38-4834-ba23-66b800e5fa98,0,2,Saccharomyces_cerevisiae,Saccharomyces
447,5c2dbf96-d710-4ab6-b550-95259d1252fe,0,2,Penicillium_polonicum,Penicillium
448,e28c48cd-c28a-4deb-a81d-174df5438b5a,0,2,Pleurotus_sp,Pleurotus
449,8136b438-8522-478b-9f2c-a4aba5eedd75,0,2,Rhizopus_stolonifer,Rhizopus
450,902b4953-fa09-4ecd-9f87-ba7f2cc916e5,0,2,Saccharomyces_cerevisiae,Saccharomyces
451,8f6b4a14-6fe6-405b-acf4-32787db526b5,0,2,Aspergillus_niger,Aspergillus
452,8220ba19-5988-4b52-8862-f9a1c132e74d,0,2,Pleurotus_ferulaginis,Pleurotus
453,271be988-080b-482d-8c37-53fcc9c8eb4a,0,2,Saccharomyces_cerevisiae,Saccharomyces
454,aed6befe-ec29-44c0-b428-7a7eadb66ec6,0,2,Schizophyllum_commune,Schizophyllum
455,5d18c2ce-5b04-4135-b1c5-af79523a9ea8,0,2,Schizophyllum_commune,Schizophyllum
456,54704114-486f-439e-a0d5-0b900f50887d,0,2,Rhizopus_stolonifer,Rhizopus
457,572cccf0-a900-4696-8cc4-d737ee0fa17e,0,2,Schizophyllum_amplum,Schizophyllum
458,8f020aa7-0577-45f0-a509-0d5eb90aa4b8,0,2,Pleurotus_abieticola,Pleurotus
459,dee30d7b-6c94-4f2e-863c-cccab8f0d7dd,0,2,Penicillium_chrysogenum,Penicillium
460,658738cf-0a0e-4afc-8fa2-70ec7437ec77,0,2,Rhizopus_stolonifer,Rhizopus
461,54fc9b6f-6c91-42a7-a981-2f9a4897788b,0,2,Aspergillus_brasiliensis,Aspergillus
462,6520863e-5dde-4f2e-8bad-62e8ae927c7c,0,2,Beauveria_asiatica,Beauveria
463,8eba3385-5085-4d00-a10a-3a6a0f905f41,0,2,Aspergillus_brasiliensis,Aspergillus
464,56244b9d-c624-4dde-b839-464efcc5e3cc,0,2,Saccharomyces_mikatae,Saccharomyces
465,803ddf4f-2c96-4f57-814a-d8fcd9272a5b,0,2,Aspergillus_brasiliensis,Aspergillus
466,be16e6b3-2410-42a8-97f9-e314d7e18464,0,2,Beauveria_malawiensis,Beauveria
467,04f1695c-3fc6-403c-b396-9451d2a0f0a3,0,2,Beauveria_asiatica,Beauveria
468,ab936ae6-7f1a-4d1e-ab13-b2ce11e9e976,0,2,Aspergillus_brasiliensis,Aspergillus
469,3a4bd291-00fa-43b8-a53c-78e9d6401cd7,0,2,Rhizopus_stolonifer,Rhizopus
470,6f541bd4-3962-4c02-bd97-e9316809f3e5,0,2,Aspergillus_brasiliensis,Aspergillus
471,ccb9f8fc-6345-4698-b442-0c39b37adf0a,0,2,Aspergillus_brasiliensis,Aspergillus
472,29125fee-d6c0-4b84-8b33-dde2a75291d3,0,2,Pleurotus_ferulaginis,Pleurotus
473,3f6cafbc-ee94-4395-8866-8a423c0ff3bd,39,2,Absidia_sp,Absidia
474,9b7545a4-03cd-46c7-a077-702255f6e075,0,2,Komagataella_kurtzmanii,Komagataella
475,a5f50bd1-9b89-4247-982b-f60ace241ff7,0,2,Aspergillus_brasiliensis,Aspergillus
476,fea6a1cc-82ae-4bd6-8713-43a1e7692827,0,2,Rhizopus_stolonifer,Rhizopus
477,ce603753-b647-422d-bffc-dfd527fc177d,0,2,Basidiomycota_sp,unidentified
478,0036887e-1872-4c23-9660-e8dbff6c9825,0,2,Aspergillus_niger,Aspergillus
479,abd9574c-e353-4f6a-908d-94fad0906228,0,2,Penicillium_sp,Penicillium
480,3dcab227-7ee3-42bf-89e3-d94abcf0496b,0,2,Rhizopus_stolonifer,Rhizopus
481,3d695c5c-9c44-46fb-8c4b-e647f22a69ca,0,2,Schizophyllum_commune,Schizophyllum
482,ce0e69a8-89c8-4337-9f87-3c2b046a2c8e,0,2,Absidia_sp,Absidia
483,72a77e74-51e6-4829-a05a-bda5c943130e,0,2,Aspergillus_niger,Aspergillus
484,727ef04d-f4b2-4063-aecf-47921734908d,0,2,Saccharomyces_cerevisiae,Saccharomyces
485,aad57de3-ab99-4cbc-8638-8ed000147fd4,0,2,Saccharomyces_cerevisiae,Saccharomyces
486,43f34e5b-7979-40a2-8b45-12ee7cafccde,0,2,Saccharomyces_cerevisiae,Saccharomyces
487,ca346d45-0cff-48d0-a3cb-7ccfe18360ec,0,2,Aspergillus_brasiliensis,Aspergillus
488,9fe2b356-f5f1-49ea-95bc-d921494e93af,0,2,Aspergillus_brasiliensis,Aspergillus
489,43a30dd1-31fd-4e20-8626-72ffab44fa6c,0,2,Penicillium_taurinense,Penicillium
490,0f7761f2-c05b-4035-8224-57ba72fe0e4f,0,2,Saccharomyces_cerevisiae,Saccharomyces
491,700ba724-2c2a-4457-9e9f-01c2d567b25f,0,2,Schizophyllum_commune,Schizophyllum
492,cc51d52a-b2cf-4974-98ea-77980a3923c4,0,2,Pleurotus_albidus,Pleurotus
493,29048666-342b-428b-a920-68be6bbc0235,0,2,Rhizopus_stolonifer,Rhizopus
494,9fbc125d-c8e7-4f70-9b7a-e8ed67dbe9db,0,2,Rhizopus_stolonifer,Rhizopus
495,70aec706-e7ca-4c76-8266-95dc5f41041b,0,2,Rhizopus_stolonifer,Rhizopus
496,7175906b-f54b-4bce-b98e-72aacc6ae7ca,0,2,Aspergillus_brasiliensis,Aspergillus
497,71761a83-ac7c-4f5a-a3d4-599798156e0b,0,2,Saccharomyces_cerevisiae,Saccharomyces
498,41e6af77-90f3-44d4-ab0d-bfd05ce15be7,0,2,Rhizopus_stolonifer,Rhizopus
499,fa5c1e29-bb23-4bd2-9d05-472c00e70f66,0,2,Pleurotus_ferulaginis,Pleurotus
500,ac569261-b711-4c43-920a-baa88ce1e70d,0,2,Schizophyllum_commune,Schizophyllum
501,cd18c29c-bc48-4284-8a5b-2c39a3b66f8c,0,2,Rhizopus_stolonifer,Rhizopus
502,ae5c54ec-3131-4ec3-82ab-b8d4e085de1a,0,2,Pleurotus_sp,Pleurotus
503,97dde0a4-d334-42c5-a387-537168ca13d4,0,2,Penicillium_sp,Penicillium
504,6d4451cb-d0a9-4cc6-9226-e3e4763374cd,0,2,Pleurotus_abieticola,Pleurotus
505,0db22bb1-a4c9-43d7-baa3-7c25c84662a2,0,2,Penicillium_chrysogenum,Penicillium
506,992a40b7-b621-45be-a19a-09c8023fb93f,36,2,Absidia_sp,Absidia
507,109345d7-0e99-467a-a5aa-113e68a74232,0,2,Aspergillus_brasiliensis,Aspergillus
508,3cfc5208-b467-451b-a843-c2eae2991e38,0,2,Rhizopus_stolonifer,Rhizopus
509,a4ffa524-46b6-4bd0-9b08-c916c46feb33,0,2,Saccharomyces_cerevisiae,Saccharomyces
510,1c64526e-b0a4-46e2-a1aa-e0d1352b55de,0,2,Saccharomyces_cerevisiae,Saccharomyces
511,a2575b17-3f4d-4068-b371-fd14a16d7053,0,2,Rhizopus_stolonifer,Rhizopus
512,f56a4ffb-215d-449f-8972-3015b0bc2ee4,0,2,Fungi_sp,unidentified
513,cd2075ac-ed2a-4729-9ba7-1c9d80ae287a,0,2,Saccharomyces_cerevisiae,Saccharomyces
514,2b7da0cb-cffd-49cb-8492-313ff7a9fae3,0,2,Schizophyllum_commune,Schizophyllum
515,99d285a7-827b-4bce-9e59-e2d5518c60f7,0,2,Komagataella_pastoris,Komagataella
516,97434704-0929-4f06-a68e-a6657f6c1dfc,0,2,Beauveria_asiatica,Beauveria
517,45d7b57a-019c-40d4-a472-ac3d85f0d248,0,2,Rhizopus_stolonifer,Rhizopus
518,7d0c6913-0a8f-406a-8951-f2c7d918151e,0,2,Saccharomyces_paradoxus,Saccharomyces
519,c8b34b1f-160e-4545-ba2c-4a5759ddebd2,0,2,Beauveria_malawiensis,Beauveria
520,1cacc192-dadf-4a94-86ee-a0541ccf73ab,0,2,Schizophyllum_commune,Schizophyllum
521,99f93d9f-06c6-4baf-9361-934518c88893,0,2,Aspergillus_brasiliensis,Aspergillus
522,ac6eff76-e179-430d-b435-09a96020020e,0,2,Rhizopus_stolonifer,Rhizopus
